Biomass,Solar,Wind,Hydro
3.344045,31.193806,26.795876,15.996179
