Source,TWh
Biomass,3.344045
Solar,31.193806
Wind,26.795876
Hydro,15.996179
